Date and Time,Electricity Load,Temperature
2019-01-01 0:00,869.7,-4.4
2019-01-01 1:00,877.86,-8.1
2019-01-01 2:00,872.36,-7
2019-01-01 3:00,861.46,-5.7
2019-01-01 4:00,889.02,-6.2
2019-01-01 5:00,875,-8.3
2019-01-01 6:00,975,-6.9
2019-01-01 7:00,1075,-12.5
2019-01-01 8:00,175,-9
2019-01-01 9:00,175,-18.2
2019-01-01 10:00,175,-16.8
2019-01-01 11:00,175,-14.6
2019-01-01 12:00,1403.54,-12.9
2019-01-01 13:00,1370.42,-18.2
2019-01-01 14:00,1359.56,-15.2
2019-01-01 15:00,1350.16,-21.7
2019-01-01 16:00,1406.56,-16
2019-01-01 17:00,1398.54,-15.5
2019-01-01 18:00,1325,-16.8
2019-01-01 19:00,1275,-14.6
2019-01-01 20:00,1225,-9.3
2019-01-01 21:00,1175,-8.6
2019-01-01 22:00,1125,-7.8
2019-01-01 23:00,1075,-9.6
2019-01-02 0:00,863.78,-8.5
2019-01-02 1:00,892.34,-4.9
2019-01-02 2:00,885.88,-4.9
2019-01-02 3:00,861.34,-4.4
2019-01-02 4:00,880.94,-2.6
2019-01-02 5:00,875,-6.9
2019-01-02 6:00,975,-9.1
2019-01-02 7:00,1075,-8.7
2019-01-02 8:00,1175,-13.5
2019-01-02 9:00,1275,-12.3
2019-01-02 10:00,1375,-11.4
2019-01-02 11:00,1393.88,-9.8
2019-01-02 12:00,1394.34,-19.7
2019-01-02 13:00,1380.14,-13.7
2019-01-02 14:00,1353.22,-12.4
2019-01-02 15:00,1404.12,-12.6
2019-01-02 16:00,1325.88,-12.1
2019-01-02 17:00,1361.24,-12.3
2019-01-02 18:00,1325,-13.8
2019-01-02 19:00,1275,-13
2019-01-02 20:00,1225,-11.1
2019-01-02 21:00,1175,-9.9
2019-01-02 22:00,1125,-7.9
2019-01-02 23:00,1075,-5.5
2019-01-03 0:00,873.12,-6.2
2019-01-03 1:00,893.9,-4.1
2019-01-03 2:00,882.04,-7.6
2019-01-03 3:00,861.72,-7.9
2019-01-03 4:00,867.38,-3.6
2019-01-03 5:00,875,-6.4
2019-01-03 6:00,975,-4.3
2019-01-03 7:00,1075,-9.1
2019-01-03 8:00,1175,-15
2019-01-03 9:00,1275,-11.9
2019-01-03 10:00,1375,-12.6
2019-01-03 11:00,1384.8,-13.4
2019-01-03 12:00,1369.96,-9.5
2019-01-03 13:00,1378.4,-13.8
2019-01-03 14:00,1382.58,-12.9
2019-01-03 15:00,1368.68,-15.8
2019-01-03 16:00,1364.84,-12.8
2019-01-03 17:00,1399.1,-16.5
2019-01-03 18:00,1325,-11.6
2019-01-03 19:00,1275,-13.5
2019-01-03 20:00,1225,-12.2
2019-01-03 21:00,1175,-5.4
2019-01-03 22:00,1125,-7.3
2019-01-03 23:00,1075,-7.7
2019-01-04 0:00,882.48,-10.5
2019-01-04 1:00,883.48,-10.7
2019-01-04 2:00,886.92,-7.4
2019-01-04 3:00,881.48,-2.2
2019-01-04 4:00,877.46,-5.5
2019-01-04 5:00,875,-4.7
2019-01-04 6:00,975,-1.9
2019-01-04 7:00,1075,-10.2
2019-01-04 8:00,1175,-7.1
2019-01-04 9:00,1275,-15
2019-01-04 10:00,1375,-11.6
2019-01-04 11:00,1395.8,-11.5
2019-01-04 12:00,1397.38,-7
2019-01-04 13:00,1353.8,-15.8
2019-01-04 14:00,1379.74,-16.1
2019-01-04 15:00,1412.36,-16.9
2019-01-04 16:00,1351.92,-13.4
2019-01-04 17:00,1365.76,-12.5
2019-01-04 18:00,1325,-9.8
2019-01-04 19:00,1275,-14.8
2019-01-04 20:00,1225,-10.2
2019-01-04 21:00,1175,-7.5
2019-01-04 22:00,1125,-9.8
2019-01-04 23:00,1075,-7.9
2019-01-05 0:00,853.6,-7.4
2019-01-05 1:00,864.12,-9.7
2019-01-05 2:00,852.48,-3.8
2019-01-05 3:00,847.86,-2
2019-01-05 4:00,862.74,-2.5
2019-01-05 5:00,855,-7
2019-01-05 6:00,985,-12.3
2019-01-05 7:00,1115,-9.6
2019-01-05 8:00,1105.98,-12.3
2019-01-05 9:00,1106.28,-11
2019-01-05 10:00,1133.16,-12.9
2019-01-05 11:00,1114.36,-15.2
2019-01-05 12:00,1170.22,-19.1
2019-01-05 13:00,1144.48,-13.5
2019-01-05 14:00,1162.34,-15.5
2019-01-05 15:00,1162.3,-11.3
2019-01-05 16:00,1200.32,-17.6
2019-01-05 17:00,1196.3,-12.6
2019-01-05 18:00,1165,-13.1
2019-01-05 19:00,1135,-13.4
2019-01-05 20:00,1105,-11.3
2019-01-05 21:00,1075,-14.2
2019-01-05 22:00,1045,-7
2019-01-05 23:00,1015,-5.2
2019-01-06 0:00,843.5,-5.6
2019-01-06 1:00,865.36,-3.7
2019-01-06 2:00,857.42,-6.7
2019-01-06 3:00,843.12,0.1
2019-01-06 4:00,872.54,-3.8
2019-01-06 5:00,855,-2.7
2019-01-06 6:00,985,-13.2
2019-01-06 7:00,1115,-8.1
2019-01-06 8:00,1102.7,-9.8
2019-01-06 9:00,1113.78,-11.4
2019-01-06 10:00,1110.26,-9
2019-01-06 11:00,1150.52,-11.3
2019-01-06 12:00,1160,-21.8
2019-01-06 13:00,1157.02,-18.9
2019-01-06 14:00,1176.86,-21.7
2019-01-06 15:00,1166.4,-18.9
2019-01-06 16:00,1179.44,-10.6
2019-01-06 17:00,1220.92,-14.3
2019-01-06 18:00,1165,-10.6
2019-01-06 19:00,1135,-17.2
2019-01-06 20:00,1105,-6.7
2019-01-06 21:00,1075,-14.1
2019-01-06 22:00,1045,-5.1
2019-01-06 23:00,1015,-6.7
2019-01-07 0:00,876.94,-8
2019-01-07 1:00,878.36,-5.3
2019-01-07 2:00,865.16,-7.7
2019-01-07 3:00,876.7,-6.5
2019-01-07 4:00,888.6,-6.9
2019-01-07 5:00,875,-5.5
2019-01-07 6:00,975,-3.4
2019-01-07 7:00,1075,-4.9
2019-01-07 8:00,1175,-9.7
2019-01-07 9:00,1275,-4.8
2019-01-07 10:00,1375,-12.8
2019-01-07 11:00,1360.62,-14.6
2019-01-07 12:00,1377.92,-16.9
2019-01-07 13:00,1316.46,-14.6
2019-01-07 14:00,1396.96,-17.4
2019-01-07 15:00,1389.24,-14.4
2019-01-07 16:00,1393.32,-12.6
2019-01-07 17:00,1339.38,-13.3
2019-01-07 18:00,1325,-10.8
2019-01-07 19:00,1275,-15
2019-01-07 20:00,1225,-7.5
2019-01-07 21:00,1175,-9.1
2019-01-07 22:00,1125,-4
2019-01-07 23:00,1075,-6.3
2019-01-08 0:00,873.24,-7
2019-01-08 1:00,880.24,-5.9
2019-01-08 2:00,879.56,-4.6
2019-01-08 3:00,879.52,-9
2019-01-08 4:00,891.4,-1.3
2019-01-08 5:00,875,-6.2
2019-01-08 6:00,975,-7.5
2019-01-08 7:00,1075,-10.6
2019-01-08 8:00,1175,-7.7
2019-01-08 9:00,1275,-10.5
2019-01-08 10:00,1375,-9.1
2019-01-08 11:00,1393.9,-16.9
2019-01-08 12:00,1394.72,-16.3
2019-01-08 13:00,1367.52,-12.3
2019-01-08 14:00,1409.6,-15.1
2019-01-08 15:00,1375.4,-16.7
2019-01-08 16:00,1416.06,-17
2019-01-08 17:00,1354.42,-17.8
2019-01-08 18:00,1325,-12.7
2019-01-08 19:00,1275,-9.7
2019-01-08 20:00,1225,-10.4
2019-01-08 21:00,1175,-15.7
2019-01-08 22:00,1125,-6.4
2019-01-08 23:00,1075,-9.5
2019-01-09 0:00,878.48,-5
2019-01-09 1:00,873.64,-4.7
2019-01-09 2:00,876.1,-1.3
2019-01-09 3:00,874.56,-7.5
2019-01-09 4:00,871.82,-6.4
2019-01-09 5:00,875,-0.9
2019-01-09 6:00,975,-4.3
2019-01-09 7:00,1075,-5.7
2019-01-09 8:00,1175,-9.4
2019-01-09 9:00,1275,-8.6
2019-01-09 10:00,1375,-14.1
2019-01-09 11:00,1345.38,-13.7
2019-01-09 12:00,1352.76,-14.3
2019-01-09 13:00,1377.18,-5.2
2019-01-09 14:00,1367.04,-20.4
2019-01-09 15:00,1405.84,-16.6
2019-01-09 16:00,1370.92,-15.1
2019-01-09 17:00,1365.72,-12.4
2019-01-09 18:00,1325,-6.2
2019-01-09 19:00,1275,-15.9
2019-01-09 20:00,1225,-5.6
2019-01-09 21:00,1175,-4.2
2019-01-09 22:00,1125,-7.2
2019-01-09 23:00,1075,-5.6
2019-01-10 0:00,872.88,-8.1
2019-01-10 1:00,875.4,-2.6
2019-01-10 2:00,869.72,-2.6
2019-01-10 3:00,858.74,-3.7
2019-01-10 4:00,858.24,-3.4
2019-01-10 5:00,875,-5.1
2019-01-10 6:00,975,-7.2
2019-01-10 7:00,1075,-12.4
2019-01-10 8:00,1175,-6.9
2019-01-10 9:00,1275,-9.3
2019-01-10 10:00,1375,-10.6
2019-01-10 11:00,1379.66,-9.3
2019-01-10 12:00,1391.66,-11.3
2019-01-10 13:00,1378.96,-16.9
2019-01-10 14:00,1420.1,-16.1
2019-01-10 15:00,1376.12,-20.5
2019-01-10 16:00,1388.28,-16.4
2019-01-10 17:00,1361.52,-5.7
2019-01-10 18:00,1325,-15.1
2019-01-10 19:00,1275,-14.4
2019-01-10 20:00,1225,-9
2019-01-10 21:00,1175,-6.4
2019-01-10 22:00,1125,-10.3
2019-01-10 23:00,1075,-12.1
2019-01-11 0:00,869.42,-8.2
2019-01-11 1:00,866.04,-2.4
2019-01-11 2:00,866.3,-9.4
2019-01-11 3:00,871.84,-4.8
2019-01-11 4:00,878.86,-9.6
2019-01-11 5:00,875,-5.5
2019-01-11 6:00,975,-3.1
2019-01-11 7:00,1075,-12.2
2019-01-11 8:00,1175,-10.6
2019-01-11 9:00,1275,-15.5
2019-01-11 10:00,1375,-16.3
2019-01-11 11:00,1366.46,-11.6
2019-01-11 12:00,1346.98,-16.9
2019-01-11 13:00,1366.34,-16
2019-01-11 14:00,1418.82,-15.9
2019-01-11 15:00,1410.54,-11.9
2019-01-11 16:00,1383.64,-15.2
2019-01-11 17:00,1371.12,-13.7
2019-01-11 18:00,1325,-15.9
2019-01-11 19:00,1275,-8.9
2019-01-11 20:00,1225,-8.7
2019-01-11 21:00,1175,-5.9
2019-01-11 22:00,1125,-2.3
2019-01-11 23:00,1075,-6.1
2019-01-12 0:00,854.34,-7.1
2019-01-12 1:00,851.2,-5.2
2019-01-12 2:00,867.2,0.4
2019-01-12 3:00,860.96,-9
2019-01-12 4:00,853.6,-7.3
2019-01-12 5:00,855,-4.9
2019-01-12 6:00,985,-10.1
2019-01-12 7:00,1115,-11.6
2019-01-12 8:00,1112.74,-16.4
2019-01-12 9:00,1120.92,-8.4
2019-01-12 10:00,1113,-11.4
2019-01-12 11:00,1138.96,-12.4
2019-01-12 12:00,1165.94,-12.6
2019-01-12 13:00,1156.9,-11.9
2019-01-12 14:00,1155.1,-10
2019-01-12 15:00,1160.08,-13.9
2019-01-12 16:00,1194.84,-13.8
2019-01-12 17:00,1193.72,-12.4
2019-01-12 18:00,1165,-16.4
2019-01-12 19:00,1135,-10.6
2019-01-12 20:00,1105,-9.8
2019-01-12 21:00,1075,-8.8
2019-01-12 22:00,1045,-4.8
2019-01-12 23:00,1015,-5.8
2019-01-13 0:00,837.7,-6.6
2019-01-13 1:00,870.84,-4.3
2019-01-13 2:00,852.3,-6.8
2019-01-13 3:00,850.32,-4.4
2019-01-13 4:00,845.56,-8.3
2019-01-13 5:00,855,-9.6
2019-01-13 6:00,985,-6
2019-01-13 7:00,1115,-3.9
2019-01-13 8:00,1106.62,-10.9
2019-01-13 9:00,1134.94,-9.2
2019-01-13 10:00,1125.62,-14.5
2019-01-13 11:00,1110.2,-16.9
2019-01-13 12:00,1134.08,-16.6
2019-01-13 13:00,1150.1,-13.9
2019-01-13 14:00,1187.42,-16.3
2019-01-13 15:00,1167.74,-14.7
2019-01-13 16:00,1167.02,-18.5
2019-01-13 17:00,1194.04,-12.7
2019-01-13 18:00,1165,-11.5
2019-01-13 19:00,1135,-8
2019-01-13 20:00,1105,-11.6
2019-01-13 21:00,1075,-7.5
2019-01-13 22:00,1045,-12.9
2019-01-13 23:00,1015,-6.1
2019-01-14 0:00,869.1,-0.9
2019-01-14 1:00,868.58,-5.7
2019-01-14 2:00,875.88,-6.4
2019-01-14 3:00,876.24,0.5
2019-01-14 4:00,872.34,-2.6
2019-01-14 5:00,875,-5.1
2019-01-14 6:00,975,-7.1
2019-01-14 7:00,1075,-3.3
2019-01-14 8:00,1175,-13.9
2019-01-14 9:00,1275,-8.9
2019-01-14 10:00,1375,-12.8
2019-01-14 11:00,1359.14,-15.2
2019-01-14 12:00,1355.44,-15.1
2019-01-14 13:00,1383.74,-13.2
2019-01-14 14:00,1378.9,-13.6
2019-01-14 15:00,1388.86,-12.1
2019-01-14 16:00,1381.32,-13.1
2019-01-14 17:00,1349.04,-17.3
2019-01-14 18:00,1325,-5.8
2019-01-14 19:00,1275,-19.9
2019-01-14 20:00,1225,-12.6
2019-01-14 21:00,1175,-5.3
2019-01-14 22:00,1125,-2.8
2019-01-14 23:00,1075,-12.4
2019-01-15 0:00,879.36,-5.4
2019-01-15 1:00,885.8,-5.5
2019-01-15 2:00,874.1,-3.6
2019-01-15 3:00,866.06,-9.8
2019-01-15 4:00,880.1,-2.3
2019-01-15 5:00,875,-4.6
2019-01-15 6:00,975,-6.1
2019-01-15 7:00,1017,-8.9
2019-01-15 8:00,1117,-11.6
2019-01-15 9:00,1217,-9.3
2019-01-15 10:00,1317,-14.1
2019-01-15 11:00,1328.92,-14.2
2019-01-15 12:00,1301.64,-16.8
2019-01-15 13:00,1337.44,-9.6
2019-01-15 14:00,1284.62,-12.7
2019-01-15 15:00,1318.02,-10.9
2019-01-15 16:00,1344.14,-15
2019-01-15 17:00,1334.1,-13.9
2019-01-15 18:00,1267,-12.9
2019-01-15 19:00,1217,-13
2019-01-15 20:00,1167,-7.3
2019-01-15 21:00,1117,-2.6
2019-01-15 22:00,1067,-3.1
2019-01-15 23:00,1017,-5.9
2019-01-16 0:00,825.84,-2.4
2019-01-16 1:00,801.32,-6.8
2019-01-16 2:00,820.46,-3.4
2019-01-16 3:00,827.56,-1.8
2019-01-16 4:00,820.46,-10.7
2019-01-16 5:00,817,-7.6
2019-01-16 6:00,917,-10.6
2019-01-16 7:00,1017,-6.3
2019-01-16 8:00,1117,-9.5
2019-01-16 9:00,1217,-13.5
2019-01-16 10:00,1317,-12.9
2019-01-16 11:00,1330.18,-8.8
2019-01-16 12:00,1294.1,-10.8
2019-01-16 13:00,1331.22,-15.8
2019-01-16 14:00,1322.28,-15.1
2019-01-16 15:00,1300.22,-10.7
2019-01-16 16:00,1343.72,-17.2
2019-01-16 17:00,1340.74,-14.7
2019-01-16 18:00,1267,-10.2
2019-01-16 19:00,1217,-15.1
2019-01-16 20:00,1167,-12.3
2019-01-16 21:00,1117,-7.5
2019-01-16 22:00,1067,-3.6
2019-01-16 23:00,1017,-7.6
2019-01-17 0:00,805.26,-6.3
2019-01-17 1:00,815.5,-2.1
2019-01-17 2:00,826.78,-2
2019-01-17 3:00,820.08,-5.4
2019-01-17 4:00,808.54,-2
2019-01-17 5:00,817,-4.8
2019-01-17 6:00,917,-10.2
2019-01-17 7:00,1017,-9.2
2019-01-17 8:00,1117,-10.8
2019-01-17 9:00,1217,-1.6
2019-01-17 10:00,1317,-7.5
2019-01-17 11:00,1306.4,-9.6
2019-01-17 12:00,1316.4,-15.1
2019-01-17 13:00,1338.04,-11.7
2019-01-17 14:00,1315.44,-14.4
2019-01-17 15:00,1306.62,-13.1
2019-01-17 16:00,1305.4,-14.4
2019-01-17 17:00,1308.68,-10.2
2019-01-17 18:00,1267,-10.9
2019-01-17 19:00,1217,-6.5
2019-01-17 20:00,1167,-12.3
2019-01-17 21:00,1117,-8.7
2019-01-17 22:00,1067,-9.5
2019-01-17 23:00,1017,-10.2
2019-01-18 0:00,809.22,-11.1
2019-01-18 1:00,834.72,-10.9
2019-01-18 2:00,810.74,-8.6
2019-01-18 3:00,805.62,-5.1
2019-01-18 4:00,811.96,-9
2019-01-18 5:00,817,-9.7
2019-01-18 6:00,917,-6
2019-01-18 7:00,1017,-5.6
2019-01-18 8:00,1117,-10.8
2019-01-18 9:00,1217,-13.9
2019-01-18 10:00,1317,-12.7
2019-01-18 11:00,1290.28,-18.3
2019-01-18 12:00,1330,-19.2
2019-01-18 13:00,1309.44,-13.8
2019-01-18 14:00,1335.28,-17.2
2019-01-18 15:00,1299.72,-14.6
2019-01-18 16:00,1283.2,-18.6
2019-01-18 17:00,1311.44,-16
2019-01-18 18:00,1267,-12.2
2019-01-18 19:00,1217,-9.1
2019-01-18 20:00,1167,-13.8
2019-01-18 21:00,1117,-7.2
2019-01-18 22:00,1067,-12.6
2019-01-18 23:00,1017,-6.2
2019-01-19 0:00,804.54,-7
2019-01-19 1:00,784.98,-7.3
2019-01-19 2:00,793.72,-4.2
2019-01-19 3:00,801.42,-7.6
2019-01-19 4:00,788.7,-5.1
2019-01-19 5:00,797,-9.3
2019-01-19 6:00,927,-5.9
2019-01-19 7:00,1057,-3.5
2019-01-19 8:00,1053.2,-12.7
2019-01-19 9:00,1072.78,-11.1
2019-01-19 10:00,1058.72,-17.1
2019-01-19 11:00,1085.78,-13.4
2019-01-19 12:00,1070.92,-12.4
2019-01-19 13:00,1101.38,-10.9
2019-01-19 14:00,1092.82,-13.6
2019-01-19 15:00,1120.78,-7.4
2019-01-19 16:00,1128.22,-16.9
2019-01-19 17:00,1142,-13.3
2019-01-19 18:00,1107,-6.7
2019-01-19 19:00,1077,-9.2
2019-01-19 20:00,1047,-15.6
2019-01-19 21:00,1017,-11.6
2019-01-19 22:00,987,-8.1
2019-01-19 23:00,957,-5.1
2019-01-20 0:00,781.48,0.6
2019-01-20 1:00,806.56,-4.8
2019-01-20 2:00,794.32,-1.3
2019-01-20 3:00,802.02,-6.3
2019-01-20 4:00,789.74,-3.5
2019-01-20 5:00,797,-2.3
2019-01-20 6:00,927,-14.2
2019-01-20 7:00,1057,-4.5
2019-01-20 8:00,1050.14,-11.4
2019-01-20 9:00,1079.96,-12.2
2019-01-20 10:00,1066.28,-6
2019-01-20 11:00,1063.04,-15.6
2019-01-20 12:00,1086.04,-13.2
2019-01-20 13:00,1083.32,-15.8
2019-01-20 14:00,1098.68,-15.5
2019-01-20 15:00,1126.46,-17.6
2019-01-20 16:00,1120.2,-17.7
2019-01-20 17:00,1130.88,-14.9
2019-01-20 18:00,1107,-14.9
2019-01-20 19:00,1077,-7.2
2019-01-20 20:00,1047,-11.3
2019-01-20 21:00,1017,-9.4
2019-01-20 22:00,987,-1.7
2019-01-20 23:00,957,-7.3
2019-01-21 0:00,812.82,-10.5
2019-01-21 1:00,835.1,-6.5
2019-01-21 2:00,818.42,-9.2
2019-01-21 3:00,818.3,-5.8
2019-01-21 4:00,810.76,-1
2019-01-21 5:00,817,-13.7
2019-01-21 6:00,917,-5.5
2019-01-21 7:00,1017,-13
2019-01-21 8:00,1117,-10.9
2019-01-21 9:00,1217,-11.5
2019-01-21 10:00,1317,-12.6
2019-01-21 11:00,1289.02,-13.5
2019-01-21 12:00,1331.8,-14.5
2019-01-21 13:00,1284.84,-13.9
2019-01-21 14:00,1298.74,-9.4
2019-01-21 15:00,1352.64,-14.7
2019-01-21 16:00,1336.4,-19.5
2019-01-21 17:00,1308.6,-13.1
2019-01-21 18:00,1267,-13.6
2019-01-21 19:00,1217,-11.8
2019-01-21 20:00,1167,-12.2
2019-01-21 21:00,1117,-5.6
2019-01-21 22:00,1067,-7.9
2019-01-21 23:00,1017,-4.4
2019-01-22 0:00,810.22,-5.8
2019-01-22 1:00,806.04,-4.4
2019-01-22 2:00,819.94,-6.7
2019-01-22 3:00,803.54,-1.3
2019-01-22 4:00,829.8,-11
2019-01-22 5:00,817,-8.4
2019-01-22 6:00,917,-0.7
2019-01-22 7:00,1017,-4.7
2019-01-22 8:00,1117,-15.3
2019-01-22 9:00,1217,-10.3
2019-01-22 10:00,1317,-14.3
2019-01-22 11:00,1285.62,-13.9
2019-01-22 12:00,1345.96,-12.4
2019-01-22 13:00,1302.26,-11.4
2019-01-22 14:00,1306.62,-15
2019-01-22 15:00,1314.06,-15.8
2019-01-22 16:00,1355.04,-17.3
2019-01-22 17:00,1304,-11.8
2019-01-22 18:00,1267,-12.1
2019-01-22 19:00,1217,-13.8
2019-01-22 20:00,1167,-11.7
2019-01-22 21:00,1117,-6.2
2019-01-22 22:00,1067,-4.5
2019-01-22 23:00,1017,-6.2
2019-01-23 0:00,820.28,-8.2
2019-01-23 1:00,802.96,-0.7
2019-01-23 2:00,810.4,-5.4
2019-01-23 3:00,820.82,-8.5
2019-01-23 4:00,815.46,-9.2
2019-01-23 5:00,817,-6.4
2019-01-23 6:00,917,-7
2019-01-23 7:00,1017,-8.4
2019-01-23 8:00,1117,-10.7
2019-01-23 9:00,1217,-9
2019-01-23 10:00,1317,-13.9
2019-01-23 11:00,1290.42,-8.5
2019-01-23 12:00,1285.66,-17.1
2019-01-23 13:00,1351.32,-14.8
2019-01-23 14:00,1362.58,-18.8
2019-01-23 15:00,1331.56,-17.2
2019-01-23 16:00,1285.3,-14.5
2019-01-23 17:00,1324.66,-15.9
2019-01-23 18:00,1267,-12.6
2019-01-23 19:00,1217,-10.7
2019-01-23 20:00,1167,-13.8
2019-01-23 21:00,1117,-5.8
2019-01-23 22:00,1067,-10.4
2019-01-23 23:00,1017,-4.1
2019-01-24 0:00,807.68,-8.7
2019-01-24 1:00,820.1,-13.5
2019-01-24 2:00,800.48,-1.8
2019-01-24 3:00,810.52,-7.2
2019-01-24 4:00,805.5,-7.4
2019-01-24 5:00,817,-0.2
2019-01-24 6:00,917,-10.1
2019-01-24 7:00,1017,-14.5
2019-01-24 8:00,1117,-13.5
2019-01-24 9:00,1217,-15.6
2019-01-24 10:00,1317,-12.5
2019-01-24 11:00,1349.54,-11
2019-01-24 12:00,1322.34,-13.8
2019-01-24 13:00,1304.9,-18.2
2019-01-24 14:00,1347.34,-17.7
2019-01-24 15:00,1332.18,-13.5
2019-01-24 16:00,1292.9,-14.3
2019-01-24 17:00,1273.18,-16.1
2019-01-24 18:00,1267,-11.6
2019-01-24 19:00,1217,-9.7
2019-01-24 20:00,1167,-10.6
2019-01-24 21:00,1117,-8.3
2019-01-24 22:00,1067,-12.4
2019-01-24 23:00,1017,-7.5
2019-01-25 0:00,815.28,-9.8
2019-01-25 1:00,828.72,-5.9
2019-01-25 2:00,804.68,-3
2019-01-25 3:00,811.76,-8.6
2019-01-25 4:00,814.18,-0.4
2019-01-25 5:00,817,-12.3
2019-01-25 6:00,917,1.1
2019-01-25 7:00,1017,-8.1
2019-01-25 8:00,1117,-12.5
2019-01-25 9:00,1217,-11.5
2019-01-25 10:00,1317,-19.8
2019-01-25 11:00,1323.18,-14.7
2019-01-25 12:00,1309.02,-18.9
2019-01-25 13:00,1329.78,-19.7
2019-01-25 14:00,1289.7,-14
2019-01-25 15:00,1323.98,-17
2019-01-25 16:00,1344.22,-18.8
2019-01-25 17:00,1314.3,-18.1
2019-01-25 18:00,1267,-15.3
2019-01-25 19:00,1217,-8.9
2019-01-25 20:00,1167,-8.7
2019-01-25 21:00,1117,-6.1
2019-01-25 22:00,1067,-5.5
2019-01-25 23:00,1017,-1.4
2019-01-26 0:00,779.9,-1.7
2019-01-26 1:00,792.32,-1.5
2019-01-26 2:00,796.5,-6.2
2019-01-26 3:00,796.42,-9.2
2019-01-26 4:00,798.36,-4
2019-01-26 5:00,797,-6.1
2019-01-26 6:00,927,-8
2019-01-26 7:00,1057,-3.7
2019-01-26 8:00,1060.64,-10.2
2019-01-26 9:00,1060.12,-6.2
2019-01-26 10:00,1050.62,-12.6
2019-01-26 11:00,1081.2,-12.4
2019-01-26 12:00,1082.94,-17.1
2019-01-26 13:00,1106.66,-9.3
2019-01-26 14:00,1110.06,-14.5
2019-01-26 15:00,1105.42,-7.8
2019-01-26 16:00,1127.14,-18.9
2019-01-26 17:00,1145.18,-8.6
2019-01-26 18:00,1107,-10.2
2019-01-26 19:00,1077,-12.4
2019-01-26 20:00,1047,-5.6
2019-01-26 21:00,1017,-7.3
2019-01-26 22:00,987,-5.3
2019-01-26 23:00,957,0.2
2019-01-27 0:00,805.68,-4.9
2019-01-27 1:00,795.24,-8.8
2019-01-27 2:00,811.08,-0.5
2019-01-27 3:00,818.66,-5.5
2019-01-27 4:00,787.84,-2.1
2019-01-27 5:00,797,-8.2
2019-01-27 6:00,927,-6.3
2019-01-27 7:00,1057,-13.5
2019-01-27 8:00,1061.88,-8.5
2019-01-27 9:00,1042.64,-13
2019-01-27 10:00,1040.68,-9.2
2019-01-27 11:00,1072.66,-17.1
2019-01-27 12:00,1092.28,-8.2
2019-01-27 13:00,1080.6,-17.3
2019-01-27 14:00,1117.68,-14.2
2019-01-27 15:00,1120.12,-11
2019-01-27 16:00,1108.44,-16.6
2019-01-27 17:00,1151.98,-11.4
2019-01-27 18:00,1107,-9.6
2019-01-27 19:00,1077,-11.5
2019-01-27 20:00,1047,-15.9
2019-01-27 21:00,1017,-13.7
2019-01-27 22:00,987,-5.1
2019-01-27 23:00,957,-9.5
2019-01-28 0:00,804.24,-0.2
2019-01-28 1:00,825.72,-9.6
2019-01-28 2:00,811.06,-2.9
2019-01-28 3:00,817.98,-0.6
2019-01-28 4:00,820.84,-4.2
2019-01-28 5:00,817,-8.5
2019-01-28 6:00,917,-8.7
2019-01-28 7:00,1017,-6.9
2019-01-28 8:00,1117,-13.3
2019-01-28 9:00,1217,-9.4
2019-01-28 10:00,1317,-18
2019-01-28 11:00,1361.86,-13.1
2019-01-28 12:00,1307.64,-12.8
2019-01-28 13:00,1318.9,-14.4
2019-01-28 14:00,1304.6,-17.3
2019-01-28 15:00,1350.96,-15
2019-01-28 16:00,1301.42,-16.5
2019-01-28 17:00,1309.06,-15.5
2019-01-28 18:00,1267,-15.1
2019-01-28 19:00,1217,-10.3
2019-01-28 20:00,1167,-13.5
2019-01-28 21:00,1117,-6.1
2019-01-28 22:00,1067,-4.7
2019-01-28 23:00,1017,-4.1
2019-01-29 0:00,823.42,-5.7
2019-01-29 1:00,820.28,-2.4
2019-01-29 2:00,816.78,-4.3
2019-01-29 3:00,823.74,-8.9
2019-01-29 4:00,819.44,-7.8
2019-01-29 5:00,817,-2.8
2019-01-29 6:00,917,-6.6
2019-01-29 7:00,1017,-10.5
2019-01-29 8:00,1117,-9.7
2019-01-29 9:00,1217,-14.8
2019-01-29 10:00,1317,-10.5
2019-01-29 11:00,1336.28,-11.3
2019-01-29 12:00,1335.52,-11.8
2019-01-29 13:00,1343.6,-13.4
2019-01-29 14:00,1300.7,-15.4
2019-01-29 15:00,1315.96,-15.5
2019-01-29 16:00,1290.04,-15
2019-01-29 17:00,1309.84,-13.2
2019-01-29 18:00,1267,-12
2019-01-29 19:00,1217,-11
2019-01-29 20:00,1167,-7.3
2019-01-29 21:00,1117,-13.9
2019-01-29 22:00,1067,-9.9
2019-01-29 23:00,1017,-10.9
2019-01-30 0:00,801.88,-4.8
2019-01-30 1:00,814.7,-5.6
2019-01-30 2:00,819.9,-1.2
2019-01-30 3:00,813.12,-6.6
2019-01-30 4:00,829.3,-3.2
2019-01-30 5:00,817,-7.3
2019-01-30 6:00,917,-9.4
2019-01-30 7:00,1017,-7.9
2019-01-30 8:00,1117,-9.8
2019-01-30 9:00,1217,-13.9
2019-01-30 10:00,1317,-13.5
2019-01-30 11:00,1329.22,-13.2
2019-01-30 12:00,1304.14,-13.4
2019-01-30 13:00,1321.34,-18
2019-01-30 14:00,1314.48,-11.1
2019-01-30 15:00,1315.66,-15.8
2019-01-30 16:00,1331.32,-12.7
2019-01-30 17:00,1319.68,-10.3
2019-01-30 18:00,1267,-10.5
2019-01-30 19:00,1217,-14.7
2019-01-30 20:00,1167,-6.7
2019-01-30 21:00,1117,-10.1
2019-01-30 22:00,1067,-10.5
2019-01-30 23:00,1017,-2.6
2019-01-31 0:00,821.96,-7.5
2019-01-31 1:00,815.88,-5.7
2019-01-31 2:00,796.16,0
2019-01-31 3:00,814,-3.7
2019-01-31 4:00,810.06,-10.9
2019-01-31 5:00,817,-10.1
2019-01-31 6:00,917,-12.5
2019-01-31 7:00,1017,-8.2
2019-01-31 8:00,1117,-7.8
2019-01-31 9:00,1217,-15.6
2019-01-31 10:00,1317,-16.8
2019-01-31 11:00,1286.82,-12.8
2019-01-31 12:00,1319.76,-9
2019-01-31 13:00,1287.1,-16.5
2019-01-31 14:00,1319.44,-10.9
2019-01-31 15:00,1279.8,-12.8
2019-01-31 16:00,1326.46,-15.4
2019-01-31 17:00,1321.5,-8.3
2019-01-31 18:00,1267,-9.5
2019-01-31 19:00,1217,-9.3
2019-01-31 20:00,1167,-5.5
2019-01-31 21:00,1117,-6.7
2019-01-31 22:00,1067,-7.3
2019-01-31 23:00,1017,-5.9
2019-02-01 0:00,827.46,-2.6
2019-02-01 1:00,812.16,7.7
2019-02-01 2:00,809.4,3.1
2019-02-01 3:00,810.48,1.8
2019-02-01 4:00,809.42,1
2019-02-01 5:00,817,-2.7
2019-02-01 6:00,917,-0.3
2019-02-01 7:00,1017,-3.9
2019-02-01 8:00,1117,-6.6
2019-02-01 9:00,1217,-9.3
2019-02-01 10:00,1317,-9.4
2019-02-01 11:00,1296.2,-3.9
2019-02-01 12:00,1314.96,-10.1
2019-02-01 13:00,1333.22,-6.3
2019-02-01 14:00,1293.02,-11.4
2019-02-01 15:00,1304.2,-12.3
2019-02-01 16:00,1313.86,-10.3
2019-02-01 17:00,1335,-5.9
2019-02-01 18:00,1267,-6.5
2019-02-01 19:00,1217,-6.9
2019-02-01 20:00,1167,-4.7
2019-02-01 21:00,1117,-1.5
2019-02-01 22:00,1067,-1
2019-02-01 23:00,1017,-3.6
2019-02-02 0:00,802.94,-0.1
2019-02-02 1:00,803.08,1.7
2019-02-02 2:00,794.5,-2.6
2019-02-02 3:00,797.92,-1.8
2019-02-02 4:00,768.6,-1.3
2019-02-02 5:00,797,-2.2
2019-02-02 6:00,927,-1.7
2019-02-02 7:00,1057,-6.1
2019-02-02 8:00,1045.64,-11.9
2019-02-02 9:00,1051.88,-4.9
2019-02-02 10:00,1062.1,-8.1
2019-02-02 11:00,1101.9,-10.7
2019-02-02 12:00,1081.26,-12
2019-02-02 13:00,1096.54,-14.2
2019-02-02 14:00,1115.44,-11.8
2019-02-02 15:00,1114.28,-10.3
2019-02-02 16:00,1113.32,-8
2019-02-02 17:00,1137.38,-10.6
2019-02-02 18:00,1107,-9.2
2019-02-02 19:00,1077,-10.6
2019-02-02 20:00,1047,-1.5
2019-02-02 21:00,1017,1.8
2019-02-02 22:00,987,1.1
2019-02-02 23:00,957,-2.7
2019-02-03 0:00,788.12,0.1
2019-02-03 1:00,798.6,-0.5
2019-02-03 2:00,801.5,3.6
2019-02-03 3:00,807,1.8
2019-02-03 4:00,791.84,-2.6
2019-02-03 5:00,797,2.3
2019-02-03 6:00,927,-1.7
2019-02-03 7:00,1057,-2.6
2019-02-03 8:00,1050.6,-7.3
2019-02-03 9:00,1070.7,-5.6
2019-02-03 10:00,1052.18,-8
2019-02-03 11:00,1071.38,-7.2
2019-02-03 12:00,1090.92,-9
2019-02-03 13:00,1096.44,-10
2019-02-03 14:00,1102.3,-14.6
2019-02-03 15:00,1114.92,-11.2
2019-02-03 16:00,1122.64,-9.8
2019-02-03 17:00,1127.1,-12.3
2019-02-03 18:00,1107,-8.4
2019-02-03 19:00,1077,-5.2
2019-02-03 20:00,1047,-3.8
2019-02-03 21:00,1017,-5.5
2019-02-03 22:00,987,-4.9
2019-02-03 23:00,957,1.7
2019-02-04 0:00,796.46,1.3
2019-02-04 1:00,829.16,0.5
2019-02-04 2:00,838.56,5
2019-02-04 3:00,827.32,0.2
2019-02-04 4:00,840.04,4.4
2019-02-04 5:00,817,2.8
2019-02-04 6:00,917,-1.8
2019-02-04 7:00,1017,-3.1
2019-02-04 8:00,1117,1.9
2019-02-04 9:00,1217,-2
2019-02-04 10:00,1317,-10.2
2019-02-04 11:00,1328.22,-14.4
2019-02-04 12:00,1303.08,-6
2019-02-04 13:00,1325,-5.8
2019-02-04 14:00,1320.52,-12.4
2019-02-04 15:00,1303.34,-8.7
2019-02-04 16:00,1324.34,-10
2019-02-04 17:00,1297.46,-6.5
2019-02-04 18:00,87,-4.3
2019-02-04 19:00,87,-2.2
2019-02-04 20:00,87,-7.6
2019-02-04 21:00,1117,-0.2
2019-02-04 22:00,1067,-0.8
2019-02-04 23:00,1017,2.8
2019-02-05 0:00,810.32,-0.9
2019-02-05 1:00,823.32,-1.5
2019-02-05 2:00,811.72,1.1
2019-02-05 3:00,812.58,7.2
2019-02-05 4:00,818.46,-1.1
2019-02-05 5:00,817,2.5
2019-02-05 6:00,917,-1.2
2019-02-05 7:00,1017,-4.4
2019-02-05 8:00,1117,-0.7
2019-02-05 9:00,1217,-7.3
2019-02-05 10:00,1317,-7.4
2019-02-05 11:00,1321.88,-12.2
2019-02-05 12:00,1317.16,-6.7
2019-02-05 13:00,1311.32,-7.6
2019-02-05 14:00,1315.14,-14.1
2019-02-05 15:00,1281.54,-10.7
2019-02-05 16:00,1307.18,-9.5
2019-02-05 17:00,1324.08,-8.3
2019-02-05 18:00,1267,1.9
2019-02-05 19:00,1217,-4.4
2019-02-05 20:00,1167,-6.5
2019-02-05 21:00,1117,-3.3
2019-02-05 22:00,1067,-1.9
2019-02-05 23:00,1017,-1.6
2019-02-06 0:00,824.84,-0.7
2019-02-06 1:00,819.3,-7.2
2019-02-06 2:00,818.28,0
2019-02-06 3:00,806.02,2.6
2019-02-06 4:00,824.58,4.1
2019-02-06 5:00,817,0.9
2019-02-06 6:00,917,1.8
2019-02-06 7:00,1017,-4.8
2019-02-06 8:00,1117,-3.6
2019-02-06 9:00,1217,-1.7
2019-02-06 10:00,1317,-4.3
2019-02-06 11:00,1323.88,-7.3
2019-02-06 12:00,1265.3,-10
2019-02-06 13:00,1305.26,-6
2019-02-06 14:00,1303.72,-7.4
2019-02-06 15:00,1306.16,-11.6
2019-02-06 16:00,1297.54,-9.8
2019-02-06 17:00,1339.38,-10
2019-02-06 18:00,1267,-10.6
2019-02-06 19:00,1217,-10.3
2019-02-06 20:00,1167,2
2019-02-06 21:00,1117,-4
2019-02-06 22:00,1067,-0.3
2019-02-06 23:00,1017,-2.1
2019-02-07 0:00,827.22,1.4
2019-02-07 1:00,828.32,-1.3
2019-02-07 2:00,796.22,3.8
2019-02-07 3:00,803.62,-0.5
2019-02-07 4:00,806.62,-1.5
2019-02-07 5:00,817,-5.6
2019-02-07 6:00,917,-3.1
2019-02-07 7:00,1017,0.5
2019-02-07 8:00,1117,-11.5
2019-02-07 9:00,1217,-5
2019-02-07 10:00,1317,-7.9
2019-02-07 11:00,1337.4,-7.8
2019-02-07 12:00,1334.8,-9.2
2019-02-07 13:00,1321.96,-14.3
2019-02-07 14:00,1278.3,-7.9
2019-02-07 15:00,1295.76,-7.4
2019-02-07 16:00,1309.44,-10.1
2019-02-07 17:00,1330.6,-8.7
2019-02-07 18:00,1267,-11.7
2019-02-07 19:00,1217,-10.1
2019-02-07 20:00,1167,-4.7
2019-02-07 21:00,1117,-4.5
2019-02-07 22:00,1067,-3
2019-02-07 23:00,1017,-2.3
2019-02-08 0:00,833.92,-6.8
2019-02-08 1:00,828.2,3.1
2019-02-08 2:00,824.66,-3.7
2019-02-08 3:00,821.3,2.7
2019-02-08 4:00,818.68,-4.6
2019-02-08 5:00,817,1.9
2019-02-08 6:00,917,-1.4
2019-02-08 7:00,1017,-4.6
2019-02-08 8:00,1117,-5.4
2019-02-08 9:00,1217,-7.9
2019-02-08 10:00,1317,-7.9
2019-02-08 11:00,1311.6,-6.3
2019-02-08 12:00,1312.48,-8.7
2019-02-08 13:00,1333.96,-5.8
2019-02-08 14:00,1278.5,-11
2019-02-08 15:00,1303.48,-8
2019-02-08 16:00,1335.26,-10.4
2019-02-08 17:00,1343.18,-6.9
2019-02-08 18:00,1267,-9.8
2019-02-08 19:00,1217,-7.8
2019-02-08 20:00,1167,-2.2
2019-02-08 21:00,1117,-4.8
2019-02-08 22:00,1067,-0.5
2019-02-08 23:00,1017,-1.2
2019-02-09 0:00,813.18,-1.6
2019-02-09 1:00,786.28,2.6
2019-02-09 2:00,800.1,-2.2
2019-02-09 3:00,791.6,-2.8
2019-02-09 4:00,801.6,0.7
2019-02-09 5:00,797,-6.1
2019-02-09 6:00,927,-7.6
2019-02-09 7:00,1357,-4.4
2019-02-09 8:00,1449.56,-0.6
2019-02-09 9:00,1373.32,-1.1
2019-02-09 10:00,1372.6,-11.5
2019-02-09 11:00,1373.78,-7.3
2019-02-09 12:00,1376.9,-8.4
2019-02-09 13:00,1391.46,-9.5
2019-02-09 14:00,1390.82,-14.4
2019-02-09 15:00,1414.5,-3.9
2019-02-09 16:00,1416.5,-10
2019-02-09 17:00,1133.52,-8.2
2019-02-09 18:00,1107,-8.8
2019-02-09 19:00,1077,-5.1
2019-02-09 20:00,1047,-2.8
2019-02-09 21:00,1017,-1.8
2019-02-09 22:00,987,-6.8
2019-02-09 23:00,957,-8.9
2019-02-10 0:00,802.14,3.4
2019-02-10 1:00,812.82,2.1
2019-02-10 2:00,803.84,0.8
2019-02-10 3:00,800.78,0.6
2019-02-10 4:00,780.14,-8.9
2019-02-10 5:00,797,0.1
2019-02-10 6:00,927,3.7
2019-02-10 7:00,1057,-4.4
2019-02-10 8:00,1036.2,-0.5
2019-02-10 9:00,1029.72,-10.1
2019-02-10 10:00,1058.94,-5.1
2019-02-10 11:00,1076.4,-14.5
2019-02-10 12:00,1099.14,-9.2
2019-02-10 13:00,1085.02,-7.1
2019-02-10 14:00,1105.74,-11.7
2019-02-10 15:00,1111.16,-6.2
2019-02-10 16:00,1128.78,-9.1
2019-02-10 17:00,1146.64,-5.9
2019-02-10 18:00,1107,-8.7
2019-02-10 19:00,1077,-3.1
2019-02-10 20:00,1047,0.4
2019-02-10 21:00,1017,-1.1
2019-02-10 22:00,987,-3.6
2019-02-10 23:00,957,-1.6
2019-02-11 0:00,808.42,-0.1
2019-02-11 1:00,800.56,1.4
2019-02-11 2:00,822.58,3.5
2019-02-11 3:00,812.12,-1.4
2019-02-11 4:00,817.54,-1.8
2019-02-11 5:00,817,1.9
2019-02-11 6:00,917,-3.3
2019-02-11 7:00,1017,0.1
2019-02-11 8:00,1117,-8.6
2019-02-11 9:00,1217,-8.5
2019-02-11 10:00,1317,-8.4
2019-02-11 11:00,1320.1,-8.8
2019-02-11 12:00,1318.66,-5.5
2019-02-11 13:00,1309.24,-4.2
2019-02-11 14:00,1337.6,-5
2019-02-11 15:00,1301.5,-11.2
2019-02-11 16:00,1351.78,-7.5
2019-02-11 17:00,1340.06,-8.2
2019-02-11 18:00,1267,-5.1
2019-02-11 19:00,1217,-5.8
2019-02-11 20:00,1167,-5.9
2019-02-11 21:00,1117,-1.1
2019-02-11 22:00,1067,3.2
2019-02-11 23:00,1017,0.6
2019-02-12 0:00,825.12,1.3
2019-02-12 1:00,807.28,2.2
2019-02-12 2:00,798.84,0.5
2019-02-12 3:00,826.28,-3.2
2019-02-12 4:00,815.98,-5.1
2019-02-12 5:00,817,-2.3
2019-02-12 6:00,917,1.7
2019-02-12 7:00,1017,-1
2019-02-12 8:00,1117,-8.3
2019-02-12 9:00,1217,-10.7
2019-02-12 10:00,1317,-11.6
2019-02-12 11:00,1343.52,-7.5
2019-02-12 12:00,1321.56,-10
2019-02-12 13:00,1312.38,-10.7
2019-02-12 14:00,1321.96,-16.7
2019-02-12 15:00,1379.02,-7.2
2019-02-12 16:00,1319.44,-15.8
2019-02-12 17:00,1335.8,-10.1
2019-02-12 18:00,1267,-7.7
2019-02-12 19:00,1217,-6.4
2019-02-12 20:00,1167,-9.1
2019-02-12 21:00,1117,-3.2
2019-02-12 22:00,1067,-3.8
2019-02-12 23:00,1017,-2.6
2019-02-13 0:00,833.02,-1
2019-02-13 1:00,817.2,-2.7
2019-02-13 2:00,808.46,-0.8
2019-02-13 3:00,806.48,-3.4
2019-02-13 4:00,808.4,1.4
2019-02-13 5:00,817,-0.2
2019-02-13 6:00,917,-3.9
2019-02-13 7:00,1017,-4.2
2019-02-13 8:00,1117,-5
2019-02-13 9:00,1217,-7.4
2019-02-13 10:00,1317,-3.1
2019-02-13 11:00,1314.8,-8.4
2019-02-13 12:00,1342.9,-12
2019-02-13 13:00,1316.98,-3.3
2019-02-13 14:00,1291.22,-7.3
2019-02-13 15:00,1328.98,-6.8
2019-02-13 16:00,1315.5,-8.3
2019-02-13 17:00,1331.98,-7.3
2019-02-13 18:00,1267,-11.3
2019-02-13 19:00,1217,-3.6
2019-02-13 20:00,1167,-8.2
2019-02-13 21:00,1117,-6.2
2019-02-13 22:00,1067,0.6
2019-02-13 23:00,1017,0.5
2019-02-14 0:00,814.48,-0.8
2019-02-14 1:00,814.12,-2.6
2019-02-14 2:00,813.34,-1.9
2019-02-14 3:00,805.66,-5.1
2019-02-14 4:00,811.3,-4
2019-02-14 5:00,817,-3.4
2019-02-14 6:00,917,0.4
2019-02-14 7:00,1017,-3
2019-02-14 8:00,1117,-0.9
2019-02-14 9:00,1217,-5.5
2019-02-14 10:00,1317,-5
2019-02-14 11:00,1299.34,-0.5
2019-02-14 12:00,1321.64,-12.7
2019-02-14 13:00,1379.94,-4.8
2019-02-14 14:00,1293.14,-10.2
2019-02-14 15:00,1342.08,-8.5
2019-02-14 16:00,1349.62,-7.4
2019-02-14 17:00,1311.24,-6.7
2019-02-14 18:00,1267,-7.8
2019-02-14 19:00,1217,-11.5
2019-02-14 20:00,1167,-7.5
2019-02-14 21:00,1117,-9.8
2019-02-14 22:00,1067,-3.5
2019-02-14 23:00,1017,-3.5
2019-02-15 0:00,811.94,0.3
2019-02-15 1:00,817.98,-5.4
2019-02-15 2:00,814.08,-1.6
2019-02-15 3:00,814.04,-4.3
2019-02-15 4:00,843.5,2.6
2019-02-15 5:00,817,-1.3
2019-02-15 6:00,917,-5.6
2019-02-15 7:00,1017,-2.8
2019-02-15 8:00,1117,-4.8
2019-02-15 9:00,1217,-4.3
2019-02-15 10:00,1317,-7.6
2019-02-15 11:00,1339.36,-5.9
2019-02-15 12:00,1295.52,-5.1
2019-02-15 13:00,1341.32,-9.5
2019-02-15 14:00,1327.92,-11.2
2019-02-15 15:00,1314.26,-8.8
2019-02-15 16:00,1309.82,-2.9
2019-02-15 17:00,1331.14,-7.8
2019-02-15 18:00,1267,-4.5
2019-02-15 19:00,1217,-6.6
2019-02-15 20:00,1167,-2.3
2019-02-15 21:00,1117,-6.5
2019-02-15 22:00,1067,-0.2
2019-02-15 23:00,1017,1.8
2019-02-16 0:00,802.5,1.8
2019-02-16 1:00,798.98,-0.5
2019-02-16 2:00,786.56,0
2019-02-16 3:00,801.84,-5.3
2019-02-16 4:00,775.46,1.2
2019-02-16 5:00,797,-2.8
2019-02-16 6:00,927,-3.1
2019-02-16 7:00,1057,-9.4
2019-02-16 8:00,1051.4,-7.4
2019-02-16 9:00,1045.38,-9.4
2019-02-16 10:00,1071.06,-8.2
2019-02-16 11:00,1056.94,-8.5
2019-02-16 12:00,1099.94,-10.4
2019-02-16 13:00,1098.24,-15.8
2019-02-16 14:00,1118.54,-16.6
2019-02-16 15:00,1098.66,-11.9
2019-02-16 16:00,1124.68,-12.3
2019-02-16 17:00,1129.98,-8
2019-02-16 18:00,1107,-5.9
2019-02-16 19:00,1077,-3.9
2019-02-16 20:00,1047,-0.6
2019-02-16 21:00,1017,0
2019-02-16 22:00,987,2.3
2019-02-16 23:00,957,3.4
2019-02-17 0:00,787.94,-3.6
2019-02-17 1:00,806.6,-2.3
2019-02-17 2:00,798.8,2.2
2019-02-17 3:00,792.4,0
2019-02-17 4:00,783,0.6
2019-02-17 5:00,797,-1.3
2019-02-17 6:00,927,-0.6
2019-02-17 7:00,1057,-3.4
2019-02-17 8:00,1042.48,-3.9
2019-02-17 9:00,1070.5,-11.2
2019-02-17 10:00,1073.56,-8.1
2019-02-17 11:00,1082.1,-8
2019-02-17 12:00,1084.14,-6.4
2019-02-17 13:00,1121.18,-6.8
2019-02-17 14:00,1112.66,-8
2019-02-17 15:00,1118.6,-12.7
2019-02-17 16:00,1124.14,-12.7
2019-02-17 17:00,1154.72,-5.6
2019-02-17 18:00,1107,-5.6
2019-02-17 19:00,1077,-1.2
2019-02-17 20:00,1047,-8.4
2019-02-17 21:00,1017,-2.5
2019-02-17 22:00,987,-2.8
2019-02-17 23:00,957,-1.9
2019-02-18 0:00,795.18,5
2019-02-18 1:00,834.16,3.8
2019-02-18 2:00,814.8,-1.8
2019-02-18 3:00,818.04,-2.6
2019-02-18 4:00,798.04,-0.2
2019-02-18 5:00,817,-1.7
2019-02-18 6:00,917,-7.3
2019-02-18 7:00,1017,-6.2
2019-02-18 8:00,1117,-5
2019-02-18 9:00,1217,-5.1
2019-02-18 10:00,1317,-6
2019-02-18 11:00,1316.68,-9.5
2019-02-18 12:00,1342.14,-7.2
2019-02-18 13:00,1311.72,-11.2
2019-02-18 14:00,1327.78,-11.5
2019-02-18 15:00,1315.56,-6.1
2019-02-18 16:00,1340.86,-13.3
2019-02-18 17:00,1265,-7.8
2019-02-18 18:00,1267,-6.7
2019-02-18 19:00,1217,-3.8
2019-02-18 20:00,1167,-8.1
2019-02-18 21:00,1117,-7.2
2019-02-18 22:00,1067,-3.7
2019-02-18 23:00,1017,2.1
2019-02-19 0:00,823.52,2.7
2019-02-19 1:00,808.92,1
2019-02-19 2:00,806.54,-4.8
2019-02-19 3:00,820,0.6
2019-02-19 4:00,822.3,1.3
2019-02-19 5:00,817,0.6
2019-02-19 6:00,917,-3.8
2019-02-19 7:00,1017,-0.6
2019-02-19 8:00,1117,-1.2
2019-02-19 9:00,1217,-2.6
2019-02-19 10:00,1317,-12.3
2019-02-19 11:00,1318.36,-11
2019-02-19 12:00,1306,-6.4
2019-02-19 13:00,1326.9,-12.1
2019-02-19 14:00,1337.4,-4.8
2019-02-19 15:00,1339.34,-7.9
2019-02-19 16:00,1352.68,-8.9
2019-02-19 17:00,1347.12,-11.8
2019-02-19 18:00,1267,-11.7
2019-02-19 19:00,1217,-9.7
2019-02-19 20:00,1167,-2.3
2019-02-19 21:00,1117,-2.3
2019-02-19 22:00,1067,-0.9
2019-02-19 23:00,1017,1.8
2019-02-20 0:00,818.82,0.2
2019-02-20 1:00,826.8,1.8
2019-02-20 2:00,799.6,0.4
2019-02-20 3:00,822.56,-3.3
2019-02-20 4:00,811.4,-5.3
2019-02-20 5:00,817,-1.8
2019-02-20 6:00,917,-3.5
2019-02-20 7:00,1017,-3.8
2019-02-20 8:00,1117,-7.4
2019-02-20 9:00,1217,-9.1
2019-02-20 10:00,1317,-10.5
2019-02-20 11:00,1292.26,-2.3
2019-02-20 12:00,1307.22,-12.3
2019-02-20 13:00,1304.4,-10
2019-02-20 14:00,1383.22,-10.8
2019-02-20 15:00,1354.04,-4.7
2019-02-20 16:00,1409.9,-6.5
2019-02-20 17:00,1327.28,-6.3
2019-02-20 18:00,1329,-11.4
2019-02-20 19:00,1279,-5.6
2019-02-20 20:00,1229,-8
2019-02-20 21:00,1179,-6
2019-02-20 22:00,1129,-1.6
2019-02-20 23:00,1079,-7.6
2019-02-21 0:00,880.56,-2.1
2019-02-21 1:00,910.58,-1
2019-02-21 2:00,876.72,4
2019-02-21 3:00,868.42,-2.6
2019-02-21 4:00,878.4,-3.8
2019-02-21 5:00,879,-3.1
2019-02-21 6:00,979,-3.1
2019-02-21 7:00,1079,-4.1
2019-02-21 8:00,1179,-4.1
2019-02-21 9:00,1279,-5.7
2019-02-21 10:00,1379,-7
2019-02-21 11:00,1430.02,-8
2019-02-21 12:00,1577.96,-19
2019-02-21 13:00,1609.6,-20
2019-02-21 14:00,1596.5,-20
2019-02-21 15:00,1593.3,-21
2019-02-21 16:00,1583.3,-22
2019-02-21 17:00,1382.58,-15
2019-02-21 18:00,1329,-10
2019-02-21 19:00,1279,-6.6
2019-02-21 20:00,1229,-4.9
2019-02-21 21:00,1179,-2.3
2019-02-21 22:00,1129,-4.3
2019-02-21 23:00,1079,-0.6
2019-02-22 0:00,858.52,0.4
2019-02-22 1:00,858.94,0.8
2019-02-22 2:00,855.98,0.1
2019-02-22 3:00,849.24,-2.5
2019-02-22 4:00,852.48,-2.8
2019-02-22 5:00,857,-2.8
2019-02-22 6:00,957,3.4
2019-02-22 7:00,1057,-2.2
2019-02-22 8:00,1157,-1.8
2019-02-22 9:00,1257,-11
2019-02-22 10:00,1357,-2.6
2019-02-22 11:00,1341.2,-3.7
2019-02-22 12:00,1315,-7.7
2019-02-22 13:00,1342.94,-8.9
2019-02-22 14:00,1370.74,-8.5
2019-02-22 15:00,1359.28,-10
2019-02-22 16:00,1357.44,-3.5
2019-02-22 17:00,1339.64,-11.5
2019-02-22 18:00,1307,-13.3
2019-02-22 19:00,1257,-4.9
2019-02-22 20:00,1207,-5.8
2019-02-22 21:00,1157,-5
2019-02-22 22:00,1107,-2.1
2019-02-22 23:00,1057,-2.7
2019-02-23 0:00,837.5,1.7
2019-02-23 1:00,838.44,-0.7
2019-02-23 2:00,841.2,-0.3
2019-02-23 3:00,849.32,6.2
2019-02-23 4:00,840.48,1.2
2019-02-23 5:00,837,-1.7
2019-02-23 6:00,967,-0.6
2019-02-23 7:00,1097,-1.1
2019-02-23 8:00,1068.62,-6.7
2019-02-23 9:00,1109.86,-4.1
2019-02-23 10:00,1094.34,-4.7
2019-02-23 11:00,1108.22,-9.1
2019-02-23 12:00,1130.18,-9.4
2019-02-23 13:00,1125.32,-13.9
2019-02-23 14:00,1150.74,-12
2019-02-23 15:00,1153.24,-9.4
2019-02-23 16:00,1158.4,-5.8
2019-02-23 17:00,1168.44,-8.3
2019-02-23 18:00,1147,-3.8
2019-02-23 19:00,1117,-5.5
2019-02-23 20:00,1087,-1.9
2019-02-23 21:00,1057,1.2
2019-02-23 22:00,1027,-0.8
2019-02-23 23:00,997,-4.4
2019-02-24 0:00,845.16,-0.4
2019-02-24 1:00,821.94,0.3
2019-02-24 2:00,847.26,-5.2
2019-02-24 3:00,848.62,-4.9
2019-02-24 4:00,833.4,-2.2
2019-02-24 5:00,837,1.7
2019-02-24 6:00,967,-5
2019-02-24 7:00,1097,-5.3
2019-02-24 8:00,1091.58,-4
2019-02-24 9:00,1085,-8.4
2019-02-24 10:00,1106.84,-10.6
2019-02-24 11:00,1114.26,-10.8
2019-02-24 12:00,1126.28,-10.8
2019-02-24 13:00,1143.66,-14.3
2019-02-24 14:00,1154.34,-4.7
2019-02-24 15:00,1163.98,-15
2019-02-24 16:00,1160.14,-14.1
2019-02-24 17:00,1166.64,-6.7
2019-02-24 18:00,1147,-11.8
2019-02-24 19:00,1117,-6.5
2019-02-24 20:00,1087,-5.5
2019-02-24 21:00,1057,-4.3
2019-02-24 22:00,1027,-2.5
2019-02-24 23:00,997,-3.1
2019-02-25 0:00,857.78,2.1
2019-02-25 1:00,869.84,-3.2
2019-02-25 2:00,848.88,2.4
2019-02-25 3:00,866.66,0.2
2019-02-25 4:00,861.64,-1.4
2019-02-25 5:00,857,-2.5
2019-02-25 6:00,957,-7.3
2019-02-25 7:00,1057,2.8
2019-02-25 8:00,1157,2.5
2019-02-25 9:00,1257,-4
2019-02-25 10:00,1357,-8.1
2019-02-25 11:00,1370.66,-8.6
2019-02-25 12:00,1325.02,-9.3
2019-02-25 13:00,1331.9,-5.6
2019-02-25 14:00,1351.4,-4.3
2019-02-25 15:00,1306.84,-10.6
2019-02-25 16:00,1343.72,-3.6
2019-02-25 17:00,1358.2,-5.6
2019-02-25 18:00,1307,-6.4
2019-02-25 19:00,1257,-4.4
2019-02-25 20:00,1207,-5.5
2019-02-25 21:00,1157,0.9
2019-02-25 22:00,1107,-2.4
2019-02-25 23:00,1057,-1.1
2019-02-26 0:00,855.2,-1.8
2019-02-26 1:00,842.02,1.2
2019-02-26 2:00,846.04,-3.3
2019-02-26 3:00,847.72,-0.3
2019-02-26 4:00,872.48,1
2019-02-26 5:00,857,-3.3
2019-02-26 6:00,957,0.2
2019-02-26 7:00,1057,-8.9
2019-02-26 8:00,1157,-3.6
2019-02-26 9:00,1257,-3.2
2019-02-26 10:00,1357,-8.3
2019-02-26 11:00,1327.12,-2.3
2019-02-26 12:00,1372.68,-5
2019-02-26 13:00,1350.72,-9
2019-02-26 14:00,1384.58,-14.3
2019-02-26 15:00,1380.26,-11.1
2019-02-26 16:00,1311.52,-4.5
2019-02-26 17:00,1389.86,-4.4
2019-02-26 18:00,1307,-5.2
2019-02-26 19:00,1257,-3
2019-02-26 20:00,1207,-7
2019-02-26 21:00,1157,-3.5
2019-02-26 22:00,1107,0.3
2019-02-26 23:00,1057,0.2
2019-02-27 0:00,858.04,-0.6
2019-02-27 1:00,866.64,-2.5
2019-02-27 2:00,849.04,-3.6
2019-02-27 3:00,876.82,0.8
2019-02-27 4:00,873.1,-0.6
2019-02-27 5:00,857,2.8
2019-02-27 6:00,957,-0.3
2019-02-27 7:00,1057,-4.1
2019-02-27 8:00,1157,-9.4
2019-02-27 9:00,1257,-6.8
2019-02-27 10:00,1357,-11.4
2019-02-27 11:00,1388.74,-8.9
2019-02-27 12:00,1351.76,-6.5
2019-02-27 13:00,1368.38,-9.5
2019-02-27 14:00,1343.24,-10.5
2019-02-27 15:00,1346.64,-8.4
2019-02-27 16:00,1341.78,-9.5
2019-02-27 17:00,1372.56,-10.8
2019-02-27 18:00,1307,-7.2
2019-02-27 19:00,1257,-7.8
2019-02-27 20:00,1207,-3.1
2019-02-27 21:00,1157,-1.5
2019-02-27 22:00,1107,-5.3
2019-02-27 23:00,1057,0.6
2019-02-28 0:00,853.2,1.1
2019-02-28 1:00,851.62,-0.4
2019-02-28 2:00,866.66,1.3
2019-02-28 3:00,842.02,3.1
2019-02-28 4:00,852.4,-2.8
2019-02-28 5:00,857,-1.7
2019-02-28 6:00,957,-0.1
2019-02-28 7:00,1057,-7.1
2019-02-28 8:00,1157,-6.1
2019-02-28 9:00,1257,-4.5
2019-02-28 10:00,1357,-6.9
2019-02-28 11:00,1387.32,-8.2
2019-02-28 12:00,1339.2,-11.9
2019-02-28 13:00,1337.8,-6.5
2019-02-28 14:00,1315.18,-9.4
2019-02-28 15:00,1389.72,-11.1
2019-02-28 16:00,1357.62,-11.3
2019-02-28 17:00,1362.92,-10.5
2019-02-28 18:00,1307,-5.9
2019-02-28 19:00,1257,-3.4
2019-02-28 20:00,1207,-7.8
2019-02-28 21:00,1157,-7.9
2019-02-28 22:00,1107,-1.8
2019-02-28 23:00,1057,1.4
2019-03-01 0:00,853.76,2
2019-03-01 1:00,869.46,5.3
2019-03-01 2:00,869.98,13.2
2019-03-01 3:00,869.56,8.7
2019-03-01 4:00,845.76,10.3
2019-03-01 5:00,857,6.5
2019-03-01 6:00,957,8.3
2019-03-01 7:00,1057,4.1
2019-03-01 8:00,1157,2.6
2019-03-01 9:00,1257,3.1
2019-03-01 10:00,1357,-0.2
2019-03-01 11:00,1356.32,-4.4
2019-03-01 12:00,1341.5,0.7
2019-03-01 13:00,1354.28,-3.5
2019-03-01 14:00,1358.46,-1.2
2019-03-01 15:00,1340.56,-2.4
2019-03-01 16:00,1384.9,-2
2019-03-01 17:00,1343.12,1.8
2019-03-01 18:00,1307,-1.6
2019-03-01 19:00,1257,0.2
2019-03-01 20:00,1207,-3.5
2019-03-01 21:00,1157,8.3
2019-03-01 22:00,1107,1.9
2019-03-01 23:00,1057,2.9
2019-03-02 0:00,854.02,8.4
2019-03-02 1:00,825,6.4
2019-03-02 2:00,824.92,12.9
2019-03-02 3:00,846.82,13.8
2019-03-02 4:00,833.32,4.9
2019-03-02 5:00,837,5.3
2019-03-02 6:00,967,6.7
2019-03-02 7:00,1097,2.2
2019-03-02 8:00,1091.92,5.5
2019-03-02 9:00,1095.56,-4.9
2019-03-02 10:00,1081.14,1
2019-03-02 11:00,1112.3,-2
2019-03-02 12:00,1138.08,-4.8
2019-03-02 13:00,1136.52,-2.4
2019-03-02 14:00,1158,-3.2
2019-03-02 15:00,1168,1.3
2019-03-02 16:00,1152.46,1.2
2019-03-02 17:00,1181.9,-1.8
2019-03-02 18:00,1147,1.4
2019-03-02 19:00,1117,2.6
2019-03-02 20:00,1087,8.7
2019-03-02 21:00,1057,-2.3
2019-03-02 22:00,1027,7.8
2019-03-02 23:00,997,7.1
2019-03-03 0:00,831.24,8.2
2019-03-03 1:00,828.34,11.3
2019-03-03 2:00,826.74,5.7
2019-03-03 3:00,842.3,7.7
2019-03-03 4:00,836.46,8.2
2019-03-03 5:00,837,9.2
2019-03-03 6:00,967,6.2
2019-03-03 7:00,1097,1.5
2019-03-03 8:00,1093.36,4.2
2019-03-03 9:00,1117.48,3
2019-03-03 10:00,1091.1,0.2
2019-03-03 11:00,1104.22,-4
2019-03-03 12:00,1138.12,-0.3
2019-03-03 13:00,1142.64,-3.1
2019-03-03 14:00,1150.34,-3.1
2019-03-03 15:00,1159.22,-3
2019-03-03 16:00,1170.36,1.3
2019-03-03 17:00,1184.62,1.6
2019-03-03 18:00,1147,-1.2
2019-03-03 19:00,1117,1.8
2019-03-03 20:00,1087,2
2019-03-03 21:00,1057,5.3
2019-03-03 22:00,1027,9
2019-03-03 23:00,997,3.6
2019-03-04 0:00,843.6,7.7
2019-03-04 1:00,866.1,5.6
2019-03-04 2:00,848.02,8.2
2019-03-04 3:00,854.1,9
2019-03-04 4:00,857.82,-3.5
2019-03-04 5:00,857,2.3
2019-03-04 6:00,957,3.8
2019-03-04 7:00,1057,4.7
2019-03-04 8:00,1157,5.5
2019-03-04 9:00,1257,0.2
2019-03-04 10:00,1357,3.1
2019-03-04 11:00,1303.88,-1.5
2019-03-04 12:00,1349.42,-4.5
2019-03-04 13:00,1325.52,-3.8
2019-03-04 14:00,1336.62,-5.2
2019-03-04 15:00,1313.54,-4.6
2019-03-04 16:00,1385.84,-0.6
2019-03-04 17:00,1387.54,-2.6
2019-03-04 18:00,1307,-0.7
2019-03-04 19:00,1257,0.2
2019-03-04 20:00,1207,3.2
2019-03-04 21:00,1157,-3.4
2019-03-04 22:00,1107,4.5
2019-03-04 23:00,1057,5.7
2019-03-05 0:00,852.52,3.8
2019-03-05 1:00,851.96,5.3
2019-03-05 2:00,866.38,6.4
2019-03-05 3:00,865.56,0.5
2019-03-05 4:00,856.88,0.1
2019-03-05 5:00,857,5.1
2019-03-05 6:00,957,6.3
2019-03-05 7:00,1057,3.9
2019-03-05 8:00,1157,-6.6
2019-03-05 9:00,1257,3.1
2019-03-05 10:00,1357,2.7
2019-03-05 11:00,1351.12,-5.7
2019-03-05 12:00,1355.88,2.3
2019-03-05 13:00,1362.24,-0.1
2019-03-05 14:00,1398.88,-2.8
2019-03-05 15:00,1395.04,0.4
2019-03-05 16:00,1328.58,2.7
2019-03-05 17:00,1356.6,0
2019-03-05 18:00,1307,0.6
2019-03-05 19:00,1257,4.1
2019-03-05 20:00,1207,4.7
2019-03-05 21:00,1157,6.2
2019-03-05 22:00,1107,7.1
2019-03-05 23:00,1057,1.2
2019-03-06 0:00,852.2,11
2019-03-06 1:00,836.96,6.4
2019-03-06 2:00,856.94,9.8
2019-03-06 3:00,870.38,7.2
2019-03-06 4:00,877.04,10.9
2019-03-06 5:00,865,2.5
2019-03-06 6:00,965,3.6
2019-03-06 7:00,1065,4.7
2019-03-06 8:00,1165,0
2019-03-06 9:00,1265,4.4
2019-03-06 10:00,1365,2.4
2019-03-06 11:00,1381.02,1.5
2019-03-06 12:00,1382.04,-5.5
2019-03-06 13:00,1347.36,-4.9
2019-03-06 14:00,1360.8,2.2
2019-03-06 15:00,1376.32,-2
2019-03-06 16:00,1364,-7
2019-03-06 17:00,1362.58,-6
2019-03-06 18:00,1315,3.5
2019-03-06 19:00,1265,1.5
2019-03-06 20:00,1215,0.2
2019-03-06 21:00,1165,9.4
2019-03-06 22:00,1115,10.1
2019-03-06 23:00,1065,0.3
2019-03-07 0:00,871.48,7.6
2019-03-07 1:00,873.46,8.8
2019-03-07 2:00,866.66,4.7
2019-03-07 3:00,850.62,6.3
2019-03-07 4:00,876.74,12.2
2019-03-07 5:00,865,7.6
2019-03-07 6:00,965,4.5
2019-03-07 7:00,1065,3.6
2019-03-07 8:00,1165,2.5
2019-03-07 9:00,1265,3
2019-03-07 10:00,1365,1.4
2019-03-07 11:00,1387.32,-2.5
2019-03-07 12:00,1373.48,-4.7
2019-03-07 13:00,1338.14,-2.3
2019-03-07 14:00,1380.44,0.6
2019-03-07 15:00,1354.52,0.2
2019-03-07 16:00,1378.08,0.5
2019-03-07 17:00,1357.86,-1.1
2019-03-07 18:00,1315,0
2019-03-07 19:00,1265,-2.8
2019-03-07 20:00,1215,8.4
2019-03-07 21:00,1165,2.3
2019-03-07 22:00,1115,0.3
2019-03-07 23:00,1065,5.8
2019-03-08 0:00,848.56,6.4
2019-03-08 1:00,861.9,10.6
2019-03-08 2:00,863.46,4.1
2019-03-08 3:00,877.66,3.8
2019-03-08 4:00,872.18,8.3
2019-03-08 5:00,865,5.1
2019-03-08 6:00,965,9.1
2019-03-08 7:00,1065,3.5
2019-03-08 8:00,1165,4.4
2019-03-08 9:00,1265,-4.1
2019-03-08 10:00,1365,1.7
2019-03-08 11:00,1366.4,-2
2019-03-08 12:00,1357.4,-2.8
2019-03-08 13:00,1331.42,-0.1
2019-03-08 14:00,1370.52,-7.4
2019-03-08 15:00,1349.3,-5.4
2019-03-08 16:00,1343.38,-3.3
2019-03-08 17:00,1380.18,2.9
2019-03-08 18:00,1315,-2.8
2019-03-08 19:00,1265,5.7
2019-03-08 20:00,1215,7.2
2019-03-08 21:00,1165,5.2
2019-03-08 22:00,1115,4.8
2019-03-08 23:00,1065,8.4
2019-03-09 0:00,846.52,3.7
2019-03-09 1:00,841.72,9.8
2019-03-09 2:00,838.22,7.7
2019-03-09 3:00,849.6,10
2019-03-09 4:00,857.38,5.5
2019-03-09 5:00,845,7.1
2019-03-09 6:00,975,3.8
2019-03-09 7:00,1105,3.9
2019-03-09 8:00,1100.82,2.9
2019-03-09 9:00,1092.12,2.8
2019-03-09 10:00,1105.74,-0.2
2019-03-09 11:00,1113.06,-4.8
2019-03-09 12:00,1138.28,-5
2019-03-09 13:00,1123.82,-4.8
2019-03-09 14:00,1159.56,-3.7
2019-03-09 15:00,1178.54,-7.1
2019-03-09 16:00,1178.14,-2.9
2019-03-09 17:00,1196.88,1.7
2019-03-09 18:00,1155,-1.6
2019-03-09 19:00,1125,2.9
2019-03-09 20:00,1095,-1.5
2019-03-09 21:00,1065,-3.4
2019-03-09 22:00,1035,7.6
2019-03-09 23:00,1005,4.5
2019-03-10 0:00,848.04,7
2019-03-10 1:00,848.34,5.8
2019-03-10 2:00,830.26,8.7
2019-03-10 3:00,843.1,4.2
2019-03-10 4:00,846,6.1
2019-03-10 5:00,845,10.7
2019-03-10 6:00,975,5.2
2019-03-10 7:00,1105,7.6
2019-03-10 8:00,1084.2,5.4
2019-03-10 9:00,1101.14,5.3
2019-03-10 10:00,1127.66,0
2019-03-10 11:00,1123.58,3.3
2019-03-10 12:00,1132.56,-1.6
2019-03-10 13:00,1143.32,-1.1
2019-03-10 14:00,1149.94,-2.5
2019-03-10 15:00,1168.4,-4.1
2019-03-10 16:00,1180.52,0.7
2019-03-10 17:00,1194.28,-2.4
2019-03-10 18:00,1155,2.7
2019-03-10 19:00,1125,5.7
2019-03-10 20:00,1095,6.7
2019-03-10 21:00,1065,11.8
2019-03-10 22:00,1035,1.7
2019-03-10 23:00,1005,4.4
2019-03-11 0:00,860.76,8.3
2019-03-11 1:00,869.78,1.5
2019-03-11 2:00,875.06,5.8
2019-03-11 3:00,857.5,2.3
2019-03-11 4:00,869.22,10.4
2019-03-11 5:00,865,4.3
2019-03-11 6:00,965,5.4
2019-03-11 7:00,1065,0.5
2019-03-11 8:00,1165,4.8
2019-03-11 9:00,1265,-3.5
2019-03-11 10:00,1365,-2.8
2019-03-11 11:00,1370.1,-0.7
2019-03-11 12:00,1349.14,-3.8
2019-03-11 13:00,1398.2,2.2
2019-03-11 14:00,1349.9,-2
2019-03-11 15:00,1350.08,2.1
2019-03-11 16:00,1345.76,-10.2
2019-03-11 17:00,1348.32,-2.5
2019-03-11 18:00,1315,4.9
2019-03-11 19:00,1265,0.6
2019-03-11 20:00,1215,8
2019-03-11 21:00,1165,4.4
2019-03-11 22:00,1115,3.9
2019-03-11 23:00,1065,4.6
2019-03-12 0:00,871.98,4.6
2019-03-12 1:00,875.3,8.5
2019-03-12 2:00,869.22,11.7
2019-03-12 3:00,861.78,7.7
2019-03-12 4:00,854.62,5.4
2019-03-12 5:00,865,12
2019-03-12 6:00,965,5.7
2019-03-12 7:00,1065,-1.9
2019-03-12 8:00,1165,5
2019-03-12 9:00,1265,1.1
2019-03-12 10:00,1365,-1
2019-03-12 11:00,1354.24,-1.4
2019-03-12 12:00,1353.84,-4.3
2019-03-12 13:00,1361.76,0.4
2019-03-12 14:00,1384.96,-2
2019-03-12 15:00,1347.32,-1.6
2019-03-12 16:00,1374.46,-4.4
2019-03-12 17:00,1343.58,1.3
2019-03-12 18:00,1315,-2.9
2019-03-12 19:00,1265,7.5
2019-03-12 20:00,1215,4.7
2019-03-12 21:00,1165,-0.1
2019-03-12 22:00,1115,5.5
2019-03-12 23:00,1065,0.9
2019-03-13 0:00,867.2,6
2019-03-13 1:00,872.78,10.1
2019-03-13 2:00,861.68,6.7
2019-03-13 3:00,856.06,6.5
2019-03-13 4:00,862.64,6.7
2019-03-13 5:00,865,5
2019-03-13 6:00,965,3.5
2019-03-13 7:00,1065,5.5
2019-03-13 8:00,1165,0.6
2019-03-13 9:00,1265,5.1
2019-03-13 10:00,1365,1.8
2019-03-13 11:00,1386.22,-2.3
2019-03-13 12:00,1354.72,-4.6
2019-03-13 13:00,1372.64,-1.8
2019-03-13 14:00,1352.46,-0.5
2019-03-13 15:00,1407.46,0.3
2019-03-13 16:00,1410.46,-2.7
2019-03-13 17:00,1354.98,-1.2
2019-03-13 18:00,1315,0.8
2019-03-13 19:00,1265,4.6
2019-03-13 20:00,1215,1.6
2019-03-13 21:00,1165,4.1
2019-03-13 22:00,1115,3.8
2019-03-13 23:00,1065,3.6
2019-03-14 0:00,874.02,7
2019-03-14 1:00,863.32,9.2
2019-03-14 2:00,871.3,6
2019-03-14 3:00,874.42,6.9
2019-03-14 4:00,856.02,7.9
2019-03-14 5:00,865,3.5
2019-03-14 6:00,965,-0.2
2019-03-14 7:00,1065,6.5
2019-03-14 8:00,1165,3.8
2019-03-14 9:00,1265,-2.5
2019-03-14 10:00,1365,-0.3
2019-03-14 11:00,1369.28,0.4
2019-03-14 12:00,1342.32,-5.1
2019-03-14 13:00,1365.28,-6.5
2019-03-14 14:00,1334.52,-8.4
2019-03-14 15:00,1345.44,-3.2
2019-03-14 16:00,1336.62,-7.3
2019-03-14 17:00,1362.8,-3.9
2019-03-14 18:00,1315,1.4
2019-03-14 19:00,1265,3.1
2019-03-14 20:00,1215,4.7
2019-03-14 21:00,1165,4.4
2019-03-14 22:00,1115,0.2
2019-03-14 23:00,1065,9.6
2019-03-15 0:00,890.78,2.1
2019-03-15 1:00,872.24,2.5
2019-03-15 2:00,876.76,10.8
2019-03-15 3:00,869.82,6.2
2019-03-15 4:00,869.32,6.4
2019-03-15 5:00,865,-1.1
2019-03-15 6:00,965,6
2019-03-15 7:00,1065,3
2019-03-15 8:00,1165,4.6
2019-03-15 9:00,1265,-4
2019-03-15 10:00,1365,-2
2019-03-15 11:00,1353.72,3.6
2019-03-15 12:00,1391.56,-2.4
2019-03-15 13:00,1389.64,-0.5
2019-03-15 14:00,1362.52,-6.9
2019-03-15 15:00,1394.34,-1.3
2019-03-15 16:00,1384.38,0.8
2019-03-15 17:00,1372.4,3.3
2019-03-15 18:00,1315,-0.8
2019-03-15 19:00,1265,2
2019-03-15 20:00,1215,5.2
2019-03-15 21:00,1165,4.8
2019-03-15 22:00,1115,3.7
2019-03-15 23:00,1065,0.8
2019-03-16 0:00,825.02,3.3
2019-03-16 1:00,853.64,5.8
2019-03-16 2:00,843.74,5.7
2019-03-16 3:00,849.4,7.6
2019-03-16 4:00,834.52,6
2019-03-16 5:00,845,9.1
2019-03-16 6:00,975,-0.4
2019-03-16 7:00,1105,4.4
2019-03-16 8:00,1092.54,1.6
2019-03-16 9:00,1093.6,0.6
2019-03-16 10:00,1110.18,5.1
2019-03-16 11:00,1119.22,-2.5
2019-03-16 12:00,1125.14,-1.6
2019-03-16 13:00,1122.76,-4.2
2019-03-16 14:00,1153.88,0.5
2019-03-16 15:00,1155.82,-1.8
2019-03-16 16:00,1174.36,-4.6
2019-03-16 17:00,1179.2,-1.4
2019-03-16 18:00,1155,-0.3
2019-03-16 19:00,1125,0.6
2019-03-16 20:00,1095,4.6
2019-03-16 21:00,1065,4.5
2019-03-16 22:00,1035,-2.4
2019-03-16 23:00,1005,3.3
2019-03-17 0:00,847.04,7.9
2019-03-17 1:00,837.02,8
2019-03-17 2:00,848.2,14.3
2019-03-17 3:00,849.84,3.9
2019-03-17 4:00,864.42,1.9
2019-03-17 5:00,845,5.1
2019-03-17 6:00,975,7
2019-03-17 7:00,1105,7
2019-03-17 8:00,1088.28,1.1
2019-03-17 9:00,1117.98,1.3
2019-03-17 10:00,1103.06,-0.9
2019-03-17 11:00,1101.68,-3.1
2019-03-17 12:00,1123.68,-0.4
2019-03-17 13:00,1166.66,-1.4
2019-03-17 14:00,1157.86,-2.6
2019-03-17 15:00,1163.26,-0.4
2019-03-17 16:00,1169.62,-1
2019-03-17 17:00,1183.46,-2.6
2019-03-17 18:00,1155,-0.4
2019-03-17 19:00,1125,-0.1
2019-03-17 20:00,1095,5.7
2019-03-17 21:00,1065,2.2
2019-03-17 22:00,1035,6.2
2019-03-17 23:00,1005,6.8
2019-03-18 0:00,859.06,7.9
2019-03-18 1:00,865.34,7
2019-03-18 2:00,860.06,6.4
2019-03-18 3:00,889.48,5.3
2019-03-18 4:00,883.02,10.6
2019-03-18 5:00,865,-0.1
2019-03-18 6:00,965,2.4
2019-03-18 7:00,1065,-0.1
2019-03-18 8:00,1165,-0.8
2019-03-18 9:00,1265,0
2019-03-18 10:00,1365,-4.6
2019-03-18 11:00,1340.86,1.6
2019-03-18 12:00,1365.44,-4.3
2019-03-18 13:00,1326.28,0.5
2019-03-18 14:00,1331.68,0.7
2019-03-18 15:00,1345.88,-2.9
2019-03-18 16:00,1376.64,0.5
2019-03-18 17:00,1372.58,5.1
2019-03-18 18:00,1315,-2.4
2019-03-18 19:00,1265,1.8
2019-03-18 20:00,1215,4.9
2019-03-18 21:00,1165,0.1
2019-03-18 22:00,1115,3.6
2019-03-18 23:00,1065,3.1
2019-03-19 0:00,864.92,4.7
2019-03-19 1:00,884.84,6.8
2019-03-19 2:00,867.88,5
2019-03-19 3:00,878.64,3.4
2019-03-19 4:00,870.56,2
2019-03-19 5:00,865,-2.2
2019-03-19 6:00,965,5.2
2019-03-19 7:00,1065,5.5
2019-03-19 8:00,1165,5.4
2019-03-19 9:00,1265,-2.6
2019-03-19 10:00,1365,1.4
2019-03-19 11:00,1365.38,-8.5
2019-03-19 12:00,1375.08,-8.1
2019-03-19 13:00,1363.76,3.5
2019-03-19 14:00,1355.04,0.7
2019-03-19 15:00,1417.18,-3
2019-03-19 16:00,1355.56,-0.1
2019-03-19 17:00,1364.04,0.3
2019-03-19 18:00,1315,6.1
2019-03-19 19:00,1265,0.6
2019-03-19 20:00,1215,1.8
2019-03-19 21:00,1165,4.5
2019-03-19 22:00,1115,3.5
2019-03-19 23:00,1065,5.5
2019-03-20 0:00,855.98,5.2
2019-03-20 1:00,854.78,0.4
2019-03-20 2:00,855.76,11
2019-03-20 3:00,864,5.7
2019-03-20 4:00,866.1,3.2
2019-03-20 5:00,865,7.4
2019-03-20 6:00,965,9.3
2019-03-20 7:00,1065,3.8
2019-03-20 8:00,1165,-3.8
2019-03-20 9:00,1265,-1.8
2019-03-20 10:00,1365,1.7
2019-03-20 11:00,1392.92,-1.2
2019-03-20 12:00,1334.32,6.1
2019-03-20 13:00,1403.5,-4
2019-03-20 14:00,1393.08,-2.3
2019-03-20 15:00,1390.48,-4
2019-03-20 16:00,1350.06,-0.4
2019-03-20 17:00,1394.04,0.2
2019-03-20 18:00,1315,-4.4
2019-03-20 19:00,1265,-0.9
2019-03-20 20:00,1215,4.3
2019-03-20 21:00,1165,3.8
2019-03-20 22:00,1115,3.8
2019-03-20 23:00,1065,6.3
2019-03-21 0:00,870.26,9.5
2019-03-21 1:00,873.72,3.8
2019-03-21 2:00,869.74,4.2
2019-03-21 3:00,850.72,5.8
2019-03-21 4:00,875.7,4.4
2019-03-21 5:00,865,7.5
2019-03-21 6:00,105,2
2019-03-21 7:00,1065,1.5
2019-03-21 8:00,1165,-0.5
2019-03-21 9:00,1265,5.8
2019-03-21 10:00,1365,-5.2
2019-03-21 11:00,1346.36,-4.3
2019-03-21 12:00,1361.64,-2.1
2019-03-21 13:00,1374.78,0
2019-03-21 14:00,1347.68,-0.6
2019-03-21 15:00,1332.76,-7
2019-03-21 16:00,1338.28,-1.8
2019-03-21 17:00,1322.3,0.4
2019-03-21 18:00,1315,7.1
2019-03-21 19:00,1265,-2.4
2019-03-21 20:00,1215,-1.3
2019-03-21 21:00,1165,5
2019-03-21 22:00,1115,5.8
2019-03-21 23:00,1065,8.6
2019-03-22 0:00,875.26,6.2
2019-03-22 1:00,872.1,5.7
2019-03-22 2:00,844.74,6.9
2019-03-22 3:00,849.62,3.4
2019-03-22 4:00,869.26,3.2
2019-03-22 5:00,865,8.1
2019-03-22 6:00,965,3.5
2019-03-22 7:00,1065,9.3
2019-03-22 8:00,1165,2.3
2019-03-22 9:00,1265,4.2
2019-03-22 10:00,1365,-2.5
2019-03-22 11:00,1369.3,-1.8
2019-03-22 12:00,1391.98,0.2
2019-03-22 13:00,1316.7,-3.5
2019-03-22 14:00,1328.92,-7.3
2019-03-22 15:00,1325.12,-5.7
2019-03-22 16:00,1363.08,-5
2019-03-22 17:00,1370.48,-0.5
2019-03-22 18:00,1315,-1.2
2019-03-22 19:00,1265,1.8
2019-03-22 20:00,1215,1.7
2019-03-22 21:00,1165,3.9
2019-03-22 22:00,1115,3.9
2019-03-22 23:00,1065,1.2
2019-03-23 0:00,854.84,8
2019-03-23 1:00,846.72,7.2
2019-03-23 2:00,839.04,2.4
2019-03-23 3:00,849.4,9.2
2019-03-23 4:00,850.32,8.2
2019-03-23 5:00,845,8.2
2019-03-23 6:00,975,3.1
2019-03-23 7:00,1105,2.6
2019-03-23 8:00,1085.9,12.6
2019-03-23 9:00,1105.52,2.6
2019-03-23 10:00,1106.06,5.4
2019-03-23 11:00,1103.42,-2.7
2019-03-23 12:00,1121.42,1.3
2019-03-23 13:00,1142.16,-3.6
2019-03-23 14:00,1150.22,-3
2019-03-23 15:00,1138.88,-7.8
2019-03-23 16:00,1169.9,-1.4
2019-03-23 17:00,1182.26,-2.9
2019-03-23 18:00,1155,3.8
2019-03-23 19:00,1125,2.7
2019-03-23 20:00,1095,-3.6
2019-03-23 21:00,1065,4.9
2019-03-23 22:00,1035,2.1
2019-03-23 23:00,1005,6.5
2019-03-24 0:00,832.52,10.7
2019-03-24 1:00,849.38,5.2
2019-03-24 2:00,852.16,6.8
2019-03-24 3:00,860.44,8.7
2019-03-24 4:00,834.22,1.9
2019-03-24 5:00,845,1.3
2019-03-24 6:00,975,1.8
2019-03-24 7:00,1105,0.9
2019-03-24 8:00,1085.96,4.9
2019-03-24 9:00,1095.78,3.4
2019-03-24 10:00,1122.9,0.5
2019-03-24 11:00,1116.42,-0.7
2019-03-24 12:00,1134.66,-7.3
2019-03-24 13:00,1131.38,-4.7
2019-03-24 14:00,1170.56,-0.5
2019-03-24 15:00,1158.32,1.3
2019-03-24 16:00,1175.4,-0.5
2019-03-24 17:00,1188.94,1.1
2019-03-24 18:00,1155,-1.8
2019-03-24 19:00,1125,3.3
2019-03-24 20:00,1095,6.8
2019-03-24 21:00,1065,2.7
2019-03-24 22:00,1035,5.4
2019-03-24 23:00,1005,3.7
2019-03-25 0:00,874.7,4.5
2019-03-25 1:00,859.66,-2.4
2019-03-25 2:00,866.78,7.6
2019-03-25 3:00,879.9,7.5
2019-03-25 4:00,865.82,6
2019-03-25 5:00,865,7.6
2019-03-25 6:00,965,4.5
2019-03-25 7:00,1065,3.5
2019-03-25 8:00,1165,1.7
2019-03-25 9:00,1265,0.5
2019-03-25 10:00,1365,-5.3
2019-03-25 11:00,1368.32,-2.7
2019-03-25 12:00,1396.8,-0.2
2019-03-25 13:00,1390.66,-1.2
2019-03-25 14:00,1372.46,-5.8
2019-03-25 15:00,1377.36,-9.9
2019-03-25 16:00,1350.96,-2.7
2019-03-25 17:00,1353.66,-5.6
2019-03-25 18:00,1315,-1.9
2019-03-25 19:00,1265,3
2019-03-25 20:00,1215,4
2019-03-25 21:00,1165,3.5
2019-03-25 22:00,1115,4.9
2019-03-25 23:00,1065,4.8
2019-03-26 0:00,870.32,5.7
2019-03-26 1:00,867.06,9.5
2019-03-26 2:00,871.04,10.5
2019-03-26 3:00,870.62,9.6
2019-03-26 4:00,883.5,9.3
2019-03-26 5:00,865,7.7
2019-03-26 6:00,965,5.3
2019-03-26 7:00,1065,3.8
2019-03-26 8:00,1165,-0.4
2019-03-26 9:00,1265,2
2019-03-26 10:00,1365,-4.4
2019-03-26 11:00,1321.9,-3.7
2019-03-26 12:00,1373.98,-0.1
2019-03-26 13:00,1336.62,-2.3
2019-03-26 14:00,1358.08,-3.6
2019-03-26 15:00,1355.52,-3.1
2019-03-26 16:00,1354.92,-4.4
2019-03-26 17:00,1356.7,-5.4
2019-03-26 18:00,1315,-4.1
2019-03-26 19:00,1265,3.8
2019-03-26 20:00,1215,2.2
2019-03-26 21:00,1165,5.7
2019-03-26 22:00,1115,8.5
2019-03-26 23:00,1065,5.1
2019-03-27 0:00,875.48,-0.3
2019-03-27 1:00,859.04,2.1
2019-03-27 2:00,872.28,3.5
2019-03-27 3:00,858.38,6.9
2019-03-27 4:00,852.94,10.8
2019-03-27 5:00,865,7.4
2019-03-27 6:00,965,-0.4
2019-03-27 7:00,1065,3.9
2019-03-27 8:00,1165,2.4
2019-03-27 9:00,1265,-1.6
2019-03-27 10:00,1365,-0.7
2019-03-27 11:00,1347.38,-0.4
2019-03-27 12:00,1354.34,-2.9
2019-03-27 13:00,1371.52,-3
2019-03-27 14:00,1391.4,2.5
2019-03-27 15:00,1374.96,-0.5
2019-03-27 16:00,1340.32,0.3
2019-03-27 17:00,1410.36,3.4
2019-03-27 18:00,1315,2.7
2019-03-27 19:00,1265,0.6
2019-03-27 20:00,1215,-2.1
2019-03-27 21:00,1165,4.9
2019-03-27 22:00,1115,3.1
2019-03-27 23:00,1065,1.7
2019-03-28 0:00,861.04,4.7
2019-03-28 1:00,861.66,10.4
2019-03-28 2:00,857.94,4.4
2019-03-28 3:00,854.04,5.5
2019-03-28 4:00,870.62,2.2
2019-03-28 5:00,865,7.4
2019-03-28 6:00,965,7.1
2019-03-28 7:00,1065,1.1
2019-03-28 8:00,1165,2
2019-03-28 9:00,1265,-0.6
2019-03-28 10:00,1365,0.5
2019-03-28 11:00,1364.68,4.2
2019-03-28 12:00,1335.42,-5.3
2019-03-28 13:00,1343.54,-7.9
2019-03-28 14:00,1383.14,-8.8
2019-03-28 15:00,1345.16,0.1
2019-03-28 16:00,1353.18,-0.6
2019-03-28 17:00,1413.78,0.6
2019-03-28 18:00,1315,-4.9
2019-03-28 19:00,1265,-0.5
2019-03-28 20:00,1215,6.1
2019-03-28 21:00,1165,7
2019-03-28 22:00,1115,5.4
2019-03-28 23:00,1065,2.3
2019-03-29 0:00,875.56,7.8
2019-03-29 1:00,835.76,6.2
2019-03-29 2:00,869.44,4.8
2019-03-29 3:00,856.28,11.1
2019-03-29 4:00,864.02,7.3
2019-03-29 5:00,865,9.7
2019-03-29 6:00,965,4.5
2019-03-29 7:00,1065,2.4
2019-03-29 8:00,1165,-0.3
2019-03-29 9:00,1265,-4
2019-03-29 10:00,1365,-0.2
2019-03-29 11:00,1368.04,-0.9
2019-03-29 12:00,1337.28,-3.7
2019-03-29 13:00,1384.54,4.6
2019-03-29 14:00,1379.86,-1.6
2019-03-29 15:00,1345.6,-4.6
2019-03-29 16:00,1362.26,-6.2
2019-03-29 17:00,1366.96,0
2019-03-29 18:00,1315,0.4
2019-03-29 19:00,1265,4
2019-03-29 20:00,1215,3.9
2019-03-29 21:00,1165,4.5
2019-03-29 22:00,1115,0.8
2019-03-29 23:00,1065,3
2019-03-30 0:00,844.54,4.3
2019-03-30 1:00,859.66,6.2
2019-03-30 2:00,853.38,8.6
2019-03-30 3:00,882.18,4
2019-03-30 4:00,855.42,7.7
2019-03-30 5:00,845,5.2
2019-03-30 6:00,975,8.6
2019-03-30 7:00,1105,-1.3
2019-03-30 8:00,1092.46,-1
2019-03-30 9:00,1111.82,-1.5
2019-03-30 10:00,1117.94,-1.9
2019-03-30 11:00,1128,-7.3
2019-03-30 12:00,1131,-3.3
2019-03-30 13:00,1151.16,1.3
2019-03-30 14:00,1157.02,-1.6
2019-03-30 15:00,1173.36,-0.5
2019-03-30 16:00,1175.76,-1.7
2019-03-30 17:00,1182,-5.1
2019-03-30 18:00,1155,3
2019-03-30 19:00,1125,4.1
2019-03-30 20:00,1095,3.1
2019-03-30 21:00,1065,2.6
2019-03-30 22:00,1035,5.6
2019-03-30 23:00,1005,0.6
2019-03-31 0:00,842.94,10.8
